-- ================================================================
-- HEALTHCARE SYSTEM
-- ================================================================
-- Fichier : 07_DATA.sql
-- ================================================================

SET DEFINE OFF;
SET SERVEROUTPUT ON;

INSERT INTO DEPARTEMENT (ID_DEPARTEMENT, NOM_DEPARTEMENT, CHEF_DEPARTEMENT_ID, NOMBRE_LITS, TELEPHONE) VALUES (1, 'Cardiologie', NULL, 25, '+212520123456');
INSERT INTO DEPARTEMENT (ID_DEPARTEMENT, NOM_DEPARTEMENT, CHEF_DEPARTEMENT_ID, NOMBRE_LITS, TELEPHONE) VALUES (2, 'Pediatrie', NULL, 30, '+212520123457');
INSERT INTO DEPARTEMENT (ID_DEPARTEMENT, NOM_DEPARTEMENT, CHEF_DEPARTEMENT_ID, NOMBRE_LITS, TELEPHONE) VALUES (3, 'Chirurgie Generale', NULL, 20, '+212520123458');
INSERT INTO DEPARTEMENT (ID_DEPARTEMENT, NOM_DEPARTEMENT, CHEF_DEPARTEMENT_ID, NOMBRE_LITS, TELEPHONE) VALUES (4, 'Medecine Interne', NULL, 35, '+212520123459');
INSERT INTO DEPARTEMENT (ID_DEPARTEMENT, NOM_DEPARTEMENT, CHEF_DEPARTEMENT_ID, NOMBRE_LITS, TELEPHONE) VALUES (5, 'Gynecologie-Obstetrique', NULL, 28, '+212520123460');
INSERT INTO DEPARTEMENT (ID_DEPARTEMENT, NOM_DEPARTEMENT, CHEF_DEPARTEMENT_ID, NOMBRE_LITS, TELEPHONE) VALUES (6, 'Ophtalmologie', NULL, 15, '+212520123461');
INSERT INTO DEPARTEMENT (ID_DEPARTEMENT, NOM_DEPARTEMENT, CHEF_DEPARTEMENT_ID, NOMBRE_LITS, TELEPHONE) VALUES (7, 'Dermatologie', NULL, 12, '+212520123462');
-- 7 ligne(s) exportée(s)

INSERT INTO MEDECIN (ID_MEDECIN, NUMERO_ORDRE, NOM, PRENOM, SPECIALITE, TELEPHONE, EMAIL, DATE_EMBAUCHE, ID_DEPARTEMENT) VALUES (1, 'M001234', 'ALAMI', 'Youssef', 'Cardiologie', '+212661234567', 'y.alami@hospital.ma', TO_DATE('2015-03-15 00:00:00', 'YYYY-MM-DD HH24:MI:SS'), 1);
INSERT INTO MEDECIN (ID_MEDECIN, NUMERO_ORDRE, NOM, PRENOM, SPECIALITE, TELEPHONE, EMAIL, DATE_EMBAUCHE, ID_DEPARTEMENT) VALUES (2, 'M001235', 'BENANI', 'Fatima', 'Pediatrie', '+212662345678', 'f.benani@hospital.ma', TO_DATE('2018-09-01 00:00:00', 'YYYY-MM-DD HH24:MI:SS'), 2);
INSERT INTO MEDECIN (ID_MEDECIN, NUMERO_ORDRE, NOM, PRENOM, SPECIALITE, TELEPHONE, EMAIL, DATE_EMBAUCHE, ID_DEPARTEMENT) VALUES (3, 'M001236', 'TAZI', 'Mohammed', 'Chirurgie Generale', '+212663456789', 'm.tazi@hospital.ma', TO_DATE('2012-01-10 00:00:00', 'YYYY-MM-DD HH24:MI:SS'), 3);
INSERT INTO MEDECIN (ID_MEDECIN, NUMERO_ORDRE, NOM, PRENOM, SPECIALITE, TELEPHONE, EMAIL, DATE_EMBAUCHE, ID_DEPARTEMENT) VALUES (4, 'M001237', 'IDRISSI', 'Amina', 'Medecine Interne', '+212664567890', 'a.idrissi@hospital.ma', TO_DATE('2016-06-20 00:00:00', 'YYYY-MM-DD HH24:MI:SS'), 4);
INSERT INTO MEDECIN (ID_MEDECIN, NUMERO_ORDRE, NOM, PRENOM, SPECIALITE, TELEPHONE, EMAIL, DATE_EMBAUCHE, ID_DEPARTEMENT) VALUES (5, 'M001238', 'FILALI', 'Hassan', 'Gynecologie-Obstetrique', '+212665678901', 'h.filali@hospital.ma', TO_DATE('2014-11-05 00:00:00', 'YYYY-MM-DD HH24:MI:SS'), 5);
INSERT INTO MEDECIN (ID_MEDECIN, NUMERO_ORDRE, NOM, PRENOM, SPECIALITE, TELEPHONE, EMAIL, DATE_EMBAUCHE, ID_DEPARTEMENT) VALUES (6, 'M001239', 'SLAOUI', 'Khadija', 'Ophtalmologie', '+212666789012', 'k.slaoui@hospital.ma', TO_DATE('2019-02-14 00:00:00', 'YYYY-MM-DD HH24:MI:SS'), 6);
INSERT INTO MEDECIN (ID_MEDECIN, NUMERO_ORDRE, NOM, PRENOM, SPECIALITE, TELEPHONE, EMAIL, DATE_EMBAUCHE, ID_DEPARTEMENT) VALUES (7, 'M001240', 'BENNANI', 'Omar', 'Dermatologie', '+212667890123', 'o.bennani@hospital.ma', TO_DATE('2017-08-30 00:00:00', 'YYYY-MM-DD HH24:MI:SS'), 7);
INSERT INTO MEDECIN (ID_MEDECIN, NUMERO_ORDRE, NOM, PRENOM, SPECIALITE, TELEPHONE, EMAIL, DATE_EMBAUCHE, ID_DEPARTEMENT) VALUES (8, 'M001241', 'CHAKIR', 'Salma', 'Cardiologie', '+212668901234', 's.chakir@hospital.ma', TO_DATE('2020-01-15 00:00:00', 'YYYY-MM-DD HH24:MI:SS'), 1);
INSERT INTO MEDECIN (ID_MEDECIN, NUMERO_ORDRE, NOM, PRENOM, SPECIALITE, TELEPHONE, EMAIL, DATE_EMBAUCHE, ID_DEPARTEMENT) VALUES (9, 'CARD123', 'CYCV', 'buy', 'Cardiologie', '0645454545', 'ftcyyv@gmail.com', TO_DATE('2025-12-09 00:00:00', 'YYYY-MM-DD HH24:MI:SS'), 1);
-- 9 ligne(s) exportée(s)

INSERT INTO PATIENT (ID_PATIENT, CIN, NOM, PRENOM, DATE_NAISSANCE, SEXE, ADRESSE, VILLE, CODE_POSTAL, TELEPHONE, EMAIL, GROUPE_SANGUIN, ALLERGIES, DATE_INSCRIPTION) VALUES (1, 'M567234', 'HASSANI', 'Ahmed', TO_DATE('1985-06-15 00:00:00', 'YYYY-MM-DD HH24:MI:SS'), 'M', '25 Rue Hassan II', 'Casablanca', '20000', '+212661111111', 'ahmed.hassani@gmail.com', 'O+', NULL, TO_DATE('2025-12-23 00:06:38', 'YYYY-MM-DD HH24:MI:SS'));
INSERT INTO PATIENT (ID_PATIENT, CIN, NOM, PRENOM, DATE_NAISSANCE, SEXE, ADRESSE, VILLE, CODE_POSTAL, TELEPHONE, EMAIL, GROUPE_SANGUIN, ALLERGIES, DATE_INSCRIPTION) VALUES (2, 'F892341', 'MANSOURI', 'Fatima', TO_DATE('1990-03-22 00:00:00', 'YYYY-MM-DD HH24:MI:SS'), 'F', '12 Avenue Mohammed V', NULL, NULL, '+212662222222', 'f.mansouri@gmail.com', NULL, 'Penicilline 3', TO_DATE('2025-12-23 00:06:38', 'YYYY-MM-DD HH24:MI:SS'));
INSERT INTO PATIENT (ID_PATIENT, CIN, NOM, PRENOM, DATE_NAISSANCE, SEXE, ADRESSE, VILLE, CODE_POSTAL, TELEPHONE, EMAIL, GROUPE_SANGUIN, ALLERGIES, DATE_INSCRIPTION) VALUES (3, 'K345678', 'BENSGHIR', 'Karim', TO_DATE('1978-11-08 00:00:00', 'YYYY-MM-DD HH24:MI:SS'), 'M', '45 Bd Zerktouni', 'Marrakech', '40000', '+212663333333', 'k.BENSGHIR@yahoo.fr', 'B+', NULL, TO_DATE('2025-12-23 00:06:38', 'YYYY-MM-DD HH24:MI:SS'));
INSERT INTO PATIENT (ID_PATIENT, CIN, NOM, PRENOM, DATE_NAISSANCE, SEXE, ADRESSE, VILLE, CODE_POSTAL, TELEPHONE, EMAIL, GROUPE_SANGUIN, ALLERGIES, DATE_INSCRIPTION) VALUES (4, 'T456789', 'MOIZ', 'Salma', TO_DATE('1995-07-30 00:00:00', 'YYYY-MM-DD HH24:MI:SS'), 'F', '78 Rue de Fes', 'Tanger', '90000', '+212664444444', 's.MOIZ@hotmail.com', 'AB+', 'Aspirine', TO_DATE('2025-12-23 00:06:38', 'YYYY-MM-DD HH24:MI:SS'));
INSERT INTO PATIENT (ID_PATIENT, CIN, NOM, PRENOM, DATE_NAISSANCE, SEXE, ADRESSE, VILLE, CODE_POSTAL, TELEPHONE, EMAIL, GROUPE_SANGUIN, ALLERGIES, DATE_INSCRIPTION) VALUES (5, 'CB567890', 'TAHIRI', 'Mehdi', TO_DATE('2010-04-12 00:00:00', 'YYYY-MM-DD HH24:MI:SS'), 'M', '34 Quartier Palmiers', 'Casablanca', '20100', '+212665555555', 'tahiri.family@gmail.com', 'O-', NULL, TO_DATE('2025-12-23 00:06:38', 'YYYY-MM-DD HH24:MI:SS'));
INSERT INTO PATIENT (ID_PATIENT, CIN, NOM, PRENOM, DATE_NAISSANCE, SEXE, ADRESSE, VILLE, CODE_POSTAL, TELEPHONE, EMAIL, GROUPE_SANGUIN, ALLERGIES, DATE_INSCRIPTION) VALUES (6, 'A678901', 'ZIANI', 'Zineb', TO_DATE('1988-12-25 00:00:00', 'YYYY-MM-DD HH24:MI:SS'), 'F', '56 Avenue des FAR', 'Agadir', '80000', '+212666666666', 'z.ziani@outlook.com', 'A-', 'Iode', TO_DATE('2025-12-23 00:06:38', 'YYYY-MM-DD HH24:MI:SS'));
INSERT INTO PATIENT (ID_PATIENT, CIN, NOM, PRENOM, DATE_NAISSANCE, SEXE, ADRESSE, VILLE, CODE_POSTAL, TELEPHONE, EMAIL, GROUPE_SANGUIN, ALLERGIES, DATE_INSCRIPTION) VALUES (7, 'F789012', 'KADIRI', 'Yassine', TO_DATE('1982-09-18 00:00:00', 'YYYY-MM-DD HH24:MI:SS'), 'M', '23 Rue Ibn Batouta', 'Fes', '30000', '+212667777777', 'y.kadiri@gmail.com', 'B-', NULL, TO_DATE('2025-12-23 00:06:38', 'YYYY-MM-DD HH24:MI:SS'));
INSERT INTO PATIENT (ID_PATIENT, CIN, NOM, PRENOM, DATE_NAISSANCE, SEXE, ADRESSE, VILLE, CODE_POSTAL, TELEPHONE, EMAIL, GROUPE_SANGUIN, ALLERGIES, DATE_INSCRIPTION) VALUES (9, 'K901234', 'RAMI', 'Samir', TO_DATE('1992-05-05 00:00:00', 'YYYY-MM-DD HH24:MI:SS'), 'M', '67 Quartier Industriel', 'Kenitra', '14000', '+212669999999', 's.rami@gmail.com', 'AB-', NULL, TO_DATE('2025-12-23 00:06:38', 'YYYY-MM-DD HH24:MI:SS'));
INSERT INTO PATIENT (ID_PATIENT, CIN, NOM, PRENOM, DATE_NAISSANCE, SEXE, ADRESSE, VILLE, CODE_POSTAL, TELEPHONE, EMAIL, GROUPE_SANGUIN, ALLERGIES, DATE_INSCRIPTION) VALUES (10, 'O012345', 'LAHLOU', 'Meriem', TO_DATE('2015-08-20 00:00:00', 'YYYY-MM-DD HH24:MI:SS'), 'F', '15 Residence Al Amal', 'Oujda', '60000', '+212660000000', 'lahlou.family@gmail.com', 'A+', NULL, TO_DATE('2025-12-23 00:06:38', 'YYYY-MM-DD HH24:MI:SS'));
INSERT INTO PATIENT (ID_PATIENT, CIN, NOM, PRENOM, DATE_NAISSANCE, SEXE, ADRESSE, VILLE, CODE_POSTAL, TELEPHONE, EMAIL, GROUPE_SANGUIN, ALLERGIES, DATE_INSCRIPTION) VALUES (14, 'X432356', 'sabadou', 'ali', TO_DATE('2008-12-12 00:00:00', 'YYYY-MM-DD HH24:MI:SS'), 'M', 'Tetouan', NULL, NULL, '+212705146541', 'sabadou@gmail.com', NULL, 'RAS', TO_DATE('2025-12-25 19:10:53', 'YYYY-MM-DD HH24:MI:SS'));
-- 10 ligne(s) exportée(s)

INSERT INTO UTILISATEUR (ID_UTILISATEUR, USERNAME, PASSWORD_HASH, EMAIL, ROLE, STATUT, ID_MEDECIN, ID_PATIENT, DATE_CREATION, DERNIERE_CONNEXION, TENTATIVES_ECHEC) VALUES (1, 'dr.alami', '123456', 'y.alami@hospital.ma', 'MEDECIN', 'ACTIF', 1, NULL, TO_DATE('2025-12-23 00:06:38', 'YYYY-MM-DD HH24:MI:SS'), TO_DATE('2026-01-03 20:58:15', 'YYYY-MM-DD HH24:MI:SS'), 0);
INSERT INTO UTILISATEUR (ID_UTILISATEUR, USERNAME, PASSWORD_HASH, EMAIL, ROLE, STATUT, ID_MEDECIN, ID_PATIENT, DATE_CREATION, DERNIERE_CONNEXION, TENTATIVES_ECHEC) VALUES (7, 'receptionniste', '123456', 'reception@gmail.com', 'RECEPTIONNISTE', 'ACTIF', NULL, NULL, TO_DATE('2026-01-03 21:07:16', 'YYYY-MM-DD HH24:MI:SS'), TO_DATE('2026-01-03 21:07:52', 'YYYY-MM-DD HH24:MI:SS'), 0);
INSERT INTO UTILISATEUR (ID_UTILISATEUR, USERNAME, PASSWORD_HASH, EMAIL, ROLE, STATUT, ID_MEDECIN, ID_PATIENT, DATE_CREATION, DERNIERE_CONNEXION, TENTATIVES_ECHEC) VALUES (3, 'admin', '123456', 'admin@hospital.ma', 'ADMIN', 'ACTIF', NULL, NULL, TO_DATE('2025-12-23 00:06:38', 'YYYY-MM-DD HH24:MI:SS'), TO_DATE('2026-01-03 21:09:47', 'YYYY-MM-DD HH24:MI:SS'), 0);
INSERT INTO UTILISATEUR (ID_UTILISATEUR, USERNAME, PASSWORD_HASH, EMAIL, ROLE, STATUT, ID_MEDECIN, ID_PATIENT, DATE_CREATION, DERNIERE_CONNEXION, TENTATIVES_ECHEC) VALUES (4, 'ahmed.hassani', '123456', 'ahmed.hassani@gmail.com', 'PATIENT', 'ACTIF', NULL, 1, TO_DATE('2025-12-23 00:06:38', 'YYYY-MM-DD HH24:MI:SS'), TO_DATE('2026-01-03 20:59:26', 'YYYY-MM-DD HH24:MI:SS'), 0);
INSERT INTO UTILISATEUR (ID_UTILISATEUR, USERNAME, PASSWORD_HASH, EMAIL, ROLE, STATUT, ID_MEDECIN, ID_PATIENT, DATE_CREATION, DERNIERE_CONNEXION, TENTATIVES_ECHEC) VALUES (5, 'taoba', '123456', 'taoba@gmail.com', 'PATIENT', 'ACTIF', NULL, NULL, TO_DATE('2025-12-31 02:43:44', 'YYYY-MM-DD HH24:MI:SS'), TO_DATE('2026-01-01 01:25:54', 'YYYY-MM-DD HH24:MI:SS'), 0);
-- 5 ligne(s) exportée(s)

INSERT INTO RENDEZ_VOUS (ID_RDV, ID_PATIENT, ID_MEDECIN, DATE_RDV, HEURE_DEBUT, HEURE_FIN, MOTIF, STATUT, SALLE, DATE_CREATION) VALUES (1, 1, 1, TO_DATE('2025-12-23 00:00:00', 'YYYY-MM-DD HH24:MI:SS'), '2025-12-23 09:00:00', '2025-12-23 09:30:00', 'Douleurs thoraciques', 'TERMINE', 'Salle 101', TO_DATE('2025-12-23 00:06:38', 'YYYY-MM-DD HH24:MI:SS'));
INSERT INTO RENDEZ_VOUS (ID_RDV, ID_PATIENT, ID_MEDECIN, DATE_RDV, HEURE_DEBUT, HEURE_FIN, MOTIF, STATUT, SALLE, DATE_CREATION) VALUES (2, 2, 2, TO_DATE('2025-12-23 00:00:00', 'YYYY-MM-DD HH24:MI:SS'), '2025-12-23 10:00:00', '2025-12-23 10:30:00', 'Vaccination enfant', 'TERMINE', 'Salle 201', TO_DATE('2025-12-23 00:06:38', 'YYYY-MM-DD HH24:MI:SS'));
INSERT INTO RENDEZ_VOUS (ID_RDV, ID_PATIENT, ID_MEDECIN, DATE_RDV, HEURE_DEBUT, HEURE_FIN, MOTIF, STATUT, SALLE, DATE_CREATION) VALUES (3, 3, 3, TO_DATE('2025-12-23 00:00:00', 'YYYY-MM-DD HH24:MI:SS'), '2025-12-23 14:00:00', '2025-12-23 14:30:00', 'Consultation pre-operatoire', 'CONFIRME', 'Salle 301', TO_DATE('2025-12-23 00:06:38', 'YYYY-MM-DD HH24:MI:SS'));
INSERT INTO RENDEZ_VOUS (ID_RDV, ID_PATIENT, ID_MEDECIN, DATE_RDV, HEURE_DEBUT, HEURE_FIN, MOTIF, STATUT, SALLE, DATE_CREATION) VALUES (4, 4, 4, TO_DATE('2025-12-24 00:00:00', 'YYYY-MM-DD HH24:MI:SS'), '2025-12-24 09:00:00', '2025-12-24 09:30:00', 'Suivi diabete', 'PLANIFIE', 'Salle 401', TO_DATE('2025-12-23 00:06:38', 'YYYY-MM-DD HH24:MI:SS'));
INSERT INTO RENDEZ_VOUS (ID_RDV, ID_PATIENT, ID_MEDECIN, DATE_RDV, HEURE_DEBUT, HEURE_FIN, MOTIF, STATUT, SALLE, DATE_CREATION) VALUES (5, 5, 2, TO_DATE('2025-12-24 00:00:00', 'YYYY-MM-DD HH24:MI:SS'), '2025-12-24 11:00:00', '2025-12-24 11:30:00', 'Controle pediatrique', 'PLANIFIE', 'Salle 202', TO_DATE('2025-12-23 00:06:38', 'YYYY-MM-DD HH24:MI:SS'));
INSERT INTO RENDEZ_VOUS (ID_RDV, ID_PATIENT, ID_MEDECIN, DATE_RDV, HEURE_DEBUT, HEURE_FIN, MOTIF, STATUT, SALLE, DATE_CREATION) VALUES (19, 4, 2, TO_DATE('2026-01-30 00:00:00', 'YYYY-MM-DD HH24:MI:SS'), '2026-01-30 12:15:00', '2026-01-30 12:45:00', 'Maux de tête', 'ANNULE', 'D-100', TO_DATE('2026-01-03 00:00:00', 'YYYY-MM-DD HH24:MI:SS'));
INSERT INTO RENDEZ_VOUS (ID_RDV, ID_PATIENT, ID_MEDECIN, DATE_RDV, HEURE_DEBUT, HEURE_FIN, MOTIF, STATUT, SALLE, DATE_CREATION) VALUES (10, 9, 8, TO_DATE('2025-12-26 00:00:00', 'YYYY-MM-DD HH24:MI:SS'), '2025-12-26 09:00:00', '2025-12-26 09:30:00', 'tfuyycgy', 'PLANIFIE', 'C-101', TO_DATE('2025-12-25 00:00:00', 'YYYY-MM-DD HH24:MI:SS'));
INSERT INTO RENDEZ_VOUS (ID_RDV, ID_PATIENT, ID_MEDECIN, DATE_RDV, HEURE_DEBUT, HEURE_FIN, MOTIF, STATUT, SALLE, DATE_CREATION) VALUES (11, 14, 8, TO_DATE('2025-12-25 00:00:00', 'YYYY-MM-DD HH24:MI:SS'), '2025-12-25 19:40:00', '2025-12-25 20:10:00', 'yvuhvh', 'CONFIRME', 'C-101', TO_DATE('2025-12-25 00:00:00', 'YYYY-MM-DD HH24:MI:SS'));
INSERT INTO RENDEZ_VOUS (ID_RDV, ID_PATIENT, ID_MEDECIN, DATE_RDV, HEURE_DEBUT, HEURE_FIN, MOTIF, STATUT, SALLE, DATE_CREATION) VALUES (14, 1, 4, TO_DATE('2025-12-31 00:00:00', 'YYYY-MM-DD HH24:MI:SS'), '2025-12-31 12:00:00', '2025-12-31 12:30:00', 'uyfyttffty', 'CONFIRME', 'A-200', TO_DATE('2025-12-29 00:00:00', 'YYYY-MM-DD HH24:MI:SS'));
INSERT INTO RENDEZ_VOUS (ID_RDV, ID_PATIENT, ID_MEDECIN, DATE_RDV, HEURE_DEBUT, HEURE_FIN, MOTIF, STATUT, SALLE, DATE_CREATION) VALUES (15, 1, 8, TO_DATE('2026-01-22 00:00:00', 'YYYY-MM-DD HH24:MI:SS'), '2026-01-22 15:00:00', '2026-01-22 15:30:00', 'buigiuguu', 'CONFIRME', 'A-333', TO_DATE('2025-12-29 00:00:00', 'YYYY-MM-DD HH24:MI:SS'));
INSERT INTO RENDEZ_VOUS (ID_RDV, ID_PATIENT, ID_MEDECIN, DATE_RDV, HEURE_DEBUT, HEURE_FIN, MOTIF, STATUT, SALLE, DATE_CREATION) VALUES (16, 1, 6, TO_DATE('2026-01-14 00:00:00', 'YYYY-MM-DD HH24:MI:SS'), '2026-01-14 11:30:00', '2026-01-14 12:00:00', 'ufyfyuyf', 'CONFIRME', 'S-333', TO_DATE('2025-12-29 00:00:00', 'YYYY-MM-DD HH24:MI:SS'));
INSERT INTO RENDEZ_VOUS (ID_RDV, ID_PATIENT, ID_MEDECIN, DATE_RDV, HEURE_DEBUT, HEURE_FIN, MOTIF, STATUT, SALLE, DATE_CREATION) VALUES (17, 1, 5, TO_DATE('2025-12-29 00:00:00', 'YYYY-MM-DD HH24:MI:SS'), '2025-12-29 22:00:00', '2025-12-29 22:30:00', 'fdggff', 'CONFIRME', 'A-222', TO_DATE('2025-12-29 00:00:00', 'YYYY-MM-DD HH24:MI:SS'));
INSERT INTO RENDEZ_VOUS (ID_RDV, ID_PATIENT, ID_MEDECIN, DATE_RDV, HEURE_DEBUT, HEURE_FIN, MOTIF, STATUT, SALLE, DATE_CREATION) VALUES (13, 3, 4, TO_DATE('2025-12-27 00:00:00', 'YYYY-MM-DD HH24:MI:SS'), '2025-12-27 22:59:00', '2025-12-27 23:29:00', 'Rien', 'PLANIFIE', 'C-200', TO_DATE('2025-12-27 00:00:00', 'YYYY-MM-DD HH24:MI:SS'));
INSERT INTO RENDEZ_VOUS (ID_RDV, ID_PATIENT, ID_MEDECIN, DATE_RDV, HEURE_DEBUT, HEURE_FIN, MOTIF, STATUT, SALLE, DATE_CREATION) VALUES (18, 14, 2, TO_DATE('2026-01-01 00:00:00', 'YYYY-MM-DD HH24:MI:SS'), '2026-01-01 10:00:00', '2026-01-01 10:30:00', 'rien', 'CONFIRME', 'S-444', TO_DATE('2025-12-31 00:00:00', 'YYYY-MM-DD HH24:MI:SS'));
INSERT INTO RENDEZ_VOUS (ID_RDV, ID_PATIENT, ID_MEDECIN, DATE_RDV, HEURE_DEBUT, HEURE_FIN, MOTIF, STATUT, SALLE, DATE_CREATION) VALUES (12, 10, 7, TO_DATE('2025-12-27 00:00:00', 'YYYY-MM-DD HH24:MI:SS'), '2025-12-27 15:00:00', '2025-12-27 15:30:00', 'ftfttfy', 'CONFIRME', 'C-101', TO_DATE('2025-12-26 00:00:00', 'YYYY-MM-DD HH24:MI:SS'));
INSERT INTO RENDEZ_VOUS (ID_RDV, ID_PATIENT, ID_MEDECIN, DATE_RDV, HEURE_DEBUT, HEURE_FIN, MOTIF, STATUT, SALLE, DATE_CREATION) VALUES (20, 9, 3, TO_DATE('2026-02-12 00:00:00', 'YYYY-MM-DD HH24:MI:SS'), '2026-02-12 09:00:00', '2026-02-12 09:30:00', 'Maladie', 'CONFIRME', 'S-321', TO_DATE('2026-01-03 00:00:00', 'YYYY-MM-DD HH24:MI:SS'));
INSERT INTO RENDEZ_VOUS (ID_RDV, ID_PATIENT, ID_MEDECIN, DATE_RDV, HEURE_DEBUT, HEURE_FIN, MOTIF, STATUT, SALLE, DATE_CREATION) VALUES (21, 10, 5, TO_DATE('2026-03-19 00:00:00', 'YYYY-MM-DD HH24:MI:SS'), '2026-03-19 09:00:00', '2026-03-19 09:30:00', 'Maladie', 'CONFIRME', 'A-100', TO_DATE('2026-01-03 00:00:00', 'YYYY-MM-DD HH24:MI:SS'));
INSERT INTO RENDEZ_VOUS (ID_RDV, ID_PATIENT, ID_MEDECIN, DATE_RDV, HEURE_DEBUT, HEURE_FIN, MOTIF, STATUT, SALLE, DATE_CREATION) VALUES (22, 9, 8, TO_DATE('2027-01-20 00:00:00', 'YYYY-MM-DD HH24:MI:SS'), '2027-01-20 09:00:00', '2027-01-20 09:30:00', 'Maladie', 'PLANIFIE', 'S-111', TO_DATE('2026-01-03 00:00:00', 'YYYY-MM-DD HH24:MI:SS'));
INSERT INTO RENDEZ_VOUS (ID_RDV, ID_PATIENT, ID_MEDECIN, DATE_RDV, HEURE_DEBUT, HEURE_FIN, MOTIF, STATUT, SALLE, DATE_CREATION) VALUES (9, 4, 8, TO_DATE('2025-12-27 00:00:00', 'YYYY-MM-DD HH24:MI:SS'), '2025-12-27 09:00:00', '2025-12-27 09:30:00', 'ydufdu', 'PLANIFIE', 'C-101', TO_DATE('2025-12-25 00:00:00', 'YYYY-MM-DD HH24:MI:SS'));
-- 19 ligne(s) exportée(s)

INSERT INTO MEDICAMENT (ID_MEDICAMENT, NOM_COMMERCIAL, PRINCIPE_ACTIF, FORME, DOSAGE, PRIX_UNITAIRE, STOCK_DISPONIBLE, STOCK_ALERTE) VALUES (1, 'Doliprane', 'Paracetamol', 'COMPRIME', '1000mg', 15.5, 500, 50);
INSERT INTO MEDICAMENT (ID_MEDICAMENT, NOM_COMMERCIAL, PRINCIPE_ACTIF, FORME, DOSAGE, PRIX_UNITAIRE, STOCK_DISPONIBLE, STOCK_ALERTE) VALUES (2, 'Amoxil', 'Amoxicilline', 'COMPRIME', '500mg', 45, 300, 40);
INSERT INTO MEDICAMENT (ID_MEDICAMENT, NOM_COMMERCIAL, PRINCIPE_ACTIF, FORME, DOSAGE, PRIX_UNITAIRE, STOCK_DISPONIBLE, STOCK_ALERTE) VALUES (3, 'Ventoline', 'Salbutamol', 'SIROP', '2mg/5ml', 65, 150, 30);
INSERT INTO MEDICAMENT (ID_MEDICAMENT, NOM_COMMERCIAL, PRINCIPE_ACTIF, FORME, DOSAGE, PRIX_UNITAIRE, STOCK_DISPONIBLE, STOCK_ALERTE) VALUES (4, 'Augmentin', 'Amoxicilline + Acide Clavulanique', 'COMPRIME', '1g', 85.5, 200, 35);
INSERT INTO MEDICAMENT (ID_MEDICAMENT, NOM_COMMERCIAL, PRINCIPE_ACTIF, FORME, DOSAGE, PRIX_UNITAIRE, STOCK_DISPONIBLE, STOCK_ALERTE) VALUES (5, 'Aspirine Protect', 'Acide Acetylsalicylique', 'COMPRIME', '100mg', 25, 400, 60);
INSERT INTO MEDICAMENT (ID_MEDICAMENT, NOM_COMMERCIAL, PRINCIPE_ACTIF, FORME, DOSAGE, PRIX_UNITAIRE, STOCK_DISPONIBLE, STOCK_ALERTE) VALUES (6, 'Brufen', 'Ibuprofene', 'COMPRIME', '400mg', 32, 350, 50);
INSERT INTO MEDICAMENT (ID_MEDICAMENT, NOM_COMMERCIAL, PRINCIPE_ACTIF, FORME, DOSAGE, PRIX_UNITAIRE, STOCK_DISPONIBLE, STOCK_ALERTE) VALUES (7, 'Solupred', 'Prednisolone', 'COMPRIME', '20mg', 55, 180, 30);
INSERT INTO MEDICAMENT (ID_MEDICAMENT, NOM_COMMERCIAL, PRINCIPE_ACTIF, FORME, DOSAGE, PRIX_UNITAIRE, STOCK_DISPONIBLE, STOCK_ALERTE) VALUES (8, 'Zyrtec', 'Cetirizine', 'COMPRIME', '10mg', 48, 250, 40);
INSERT INTO MEDICAMENT (ID_MEDICAMENT, NOM_COMMERCIAL, PRINCIPE_ACTIF, FORME, DOSAGE, PRIX_UNITAIRE, STOCK_DISPONIBLE, STOCK_ALERTE) VALUES (9, 'Birodogyl', 'Spiramycine + Metronidazole', 'COMPRIME', '1.5MUI', 72, 160, 25);
INSERT INTO MEDICAMENT (ID_MEDICAMENT, NOM_COMMERCIAL, PRINCIPE_ACTIF, FORME, DOSAGE, PRIX_UNITAIRE, STOCK_DISPONIBLE, STOCK_ALERTE) VALUES (10, 'Mopral', 'Omeprazole', 'GELULE', '20mg', 95, 220, 35);
INSERT INTO MEDICAMENT (ID_MEDICAMENT, NOM_COMMERCIAL, PRINCIPE_ACTIF, FORME, DOSAGE, PRIX_UNITAIRE, STOCK_DISPONIBLE, STOCK_ALERTE) VALUES (11, 'Zithromax', 'Azithromycine', 'COMPRIME', '250mg', 120, 130, 20);
INSERT INTO MEDICAMENT (ID_MEDICAMENT, NOM_COMMERCIAL, PRINCIPE_ACTIF, FORME, DOSAGE, PRIX_UNITAIRE, STOCK_DISPONIBLE, STOCK_ALERTE) VALUES (12, 'Voltarene', 'Diclofenac', 'POMMADE', '1%', 42, 180, 30);
INSERT INTO MEDICAMENT (ID_MEDICAMENT, NOM_COMMERCIAL, PRINCIPE_ACTIF, FORME, DOSAGE, PRIX_UNITAIRE, STOCK_DISPONIBLE, STOCK_ALERTE) VALUES (13, 'Bactrim', 'Sulfamethoxazole + Trimethoprime', 'COMPRIME', '800mg+160mg', 38, 280, 45);
INSERT INTO MEDICAMENT (ID_MEDICAMENT, NOM_COMMERCIAL, PRINCIPE_ACTIF, FORME, DOSAGE, PRIX_UNITAIRE, STOCK_DISPONIBLE, STOCK_ALERTE) VALUES (14, 'Celestene', 'Betamethasone', 'COMPRIME', '0.5mg', 28, 200, 30);
INSERT INTO MEDICAMENT (ID_MEDICAMENT, NOM_COMMERCIAL, PRINCIPE_ACTIF, FORME, DOSAGE, PRIX_UNITAIRE, STOCK_DISPONIBLE, STOCK_ALERTE) VALUES (15, 'Flagyl', 'Metronidazole', 'COMPRIME', '500mg', 35, 310, 50);
INSERT INTO MEDICAMENT (ID_MEDICAMENT, NOM_COMMERCIAL, PRINCIPE_ACTIF, FORME, DOSAGE, PRIX_UNITAIRE, STOCK_DISPONIBLE, STOCK_ALERTE) VALUES (16, 'Paracétamol 500mg', 'Paracétamol', 'COMPRIME', '500mg', 2.5, 45, 100);
INSERT INTO MEDICAMENT (ID_MEDICAMENT, NOM_COMMERCIAL, PRINCIPE_ACTIF, FORME, DOSAGE, PRIX_UNITAIRE, STOCK_DISPONIBLE, STOCK_ALERTE) VALUES (17, 'Amoxicilline 1g', 'Amoxicilline', 'COMPRIME', '1g', 15, 12, 50);
INSERT INTO MEDICAMENT (ID_MEDICAMENT, NOM_COMMERCIAL, PRINCIPE_ACTIF, FORME, DOSAGE, PRIX_UNITAIRE, STOCK_DISPONIBLE, STOCK_ALERTE) VALUES (18, 'Ibuprofène 400mg', 'Ibuprofène', 'COMPRIME', '400mg', 5, 8, 30);
INSERT INTO MEDICAMENT (ID_MEDICAMENT, NOM_COMMERCIAL, PRINCIPE_ACTIF, FORME, DOSAGE, PRIX_UNITAIRE, STOCK_DISPONIBLE, STOCK_ALERTE) VALUES (19, 'Doliprane Sirop', 'Paracétamol', 'SIROP', '200mg/5ml', 25, 3, 20);
INSERT INTO MEDICAMENT (ID_MEDICAMENT, NOM_COMMERCIAL, PRINCIPE_ACTIF, FORME, DOSAGE, PRIX_UNITAIRE, STOCK_DISPONIBLE, STOCK_ALERTE) VALUES (21, 'Insuline Rapide', 'Insuline', 'INJECTION', '100UI/ml', 120, 0, 10);
INSERT INTO MEDICAMENT (ID_MEDICAMENT, NOM_COMMERCIAL, PRINCIPE_ACTIF, FORME, DOSAGE, PRIX_UNITAIRE, STOCK_DISPONIBLE, STOCK_ALERTE) VALUES (22, 'Aspirine 100mg', 'Acide acétylsalicylique', 'COMPRIME', '100mg', 3.5, 2, 40);
INSERT INTO MEDICAMENT (ID_MEDICAMENT, NOM_COMMERCIAL, PRINCIPE_ACTIF, FORME, DOSAGE, PRIX_UNITAIRE, STOCK_DISPONIBLE, STOCK_ALERTE) VALUES (23, 'Augmentin 1g', 'Amoxicilline + Acide clavulanique', 'COMPRIME', '1g', 35, 150, 50);
INSERT INTO MEDICAMENT (ID_MEDICAMENT, NOM_COMMERCIAL, PRINCIPE_ACTIF, FORME, DOSAGE, PRIX_UNITAIRE, STOCK_DISPONIBLE, STOCK_ALERTE) VALUES (24, 'Doliprane 1000mg', 'Paracétamol', 'COMPRIME', '1000mg', 4.5, 200, 80);
INSERT INTO MEDICAMENT (ID_MEDICAMENT, NOM_COMMERCIAL, PRINCIPE_ACTIF, FORME, DOSAGE, PRIX_UNITAIRE, STOCK_DISPONIBLE, STOCK_ALERTE) VALUES (25, 'Oméprazole 20mg', 'Oméprazole', 'GELULE', '20mg', 18, 120, 40);
INSERT INTO MEDICAMENT (ID_MEDICAMENT, NOM_COMMERCIAL, PRINCIPE_ACTIF, FORME, DOSAGE, PRIX_UNITAIRE, STOCK_DISPONIBLE, STOCK_ALERTE) VALUES (26, 'Voltarène Gel', 'Diclofénac', 'POMMADE', '1%', 28, 75, 30);
INSERT INTO MEDICAMENT (ID_MEDICAMENT, NOM_COMMERCIAL, PRINCIPE_ACTIF, FORME, DOSAGE, PRIX_UNITAIRE, STOCK_DISPONIBLE, STOCK_ALERTE) VALUES (27, 'Spasfon', 'Phloroglucinol', 'COMPRIME', '80mg', 12, 95, 50);
INSERT INTO MEDICAMENT (ID_MEDICAMENT, NOM_COMMERCIAL, PRINCIPE_ACTIF, FORME, DOSAGE, PRIX_UNITAIRE, STOCK_DISPONIBLE, STOCK_ALERTE) VALUES (28, 'Advil 400mg', 'Ibuprofène', 'COMPRIME', '400mg', 6.5, 180, 60);
INSERT INTO MEDICAMENT (ID_MEDICAMENT, NOM_COMMERCIAL, PRINCIPE_ACTIF, FORME, DOSAGE, PRIX_UNITAIRE, STOCK_DISPONIBLE, STOCK_ALERTE) VALUES (29, 'Toplexil Sirop', 'Oxomémazine', 'SIROP', '0,33mg/ml', 32, 55, 25);
-- 28 ligne(s) exportée(s)

INSERT INTO CONSULTATION (ID_CONSULTATION, ID_RDV, DATE_CONSULTATION, SYMPTOMES, DIAGNOSTIC, OBSERVATIONS, PRESCRIPTION, EXAMENS_DEMANDES, TARIF_CONSULTATION) VALUES (1, 1, TO_DATE('2025-12-23 00:06:38', 'YYYY-MM-DD HH24:MI:SS'), 'Douleurs thoraciques, essoufflement', 'Angine de poitrine', 'Patient presente des facteurs de risque cardiovasculaire. ECG montre des anomalies ST-T.', 'Repos, regime alimentaire, medicaments prescrits', NULL, 250);
INSERT INTO CONSULTATION (ID_CONSULTATION, ID_RDV, DATE_CONSULTATION, SYMPTOMES, DIAGNOSTIC, OBSERVATIONS, PRESCRIPTION, EXAMENS_DEMANDES, TARIF_CONSULTATION) VALUES (2, 2, TO_DATE('2025-12-23 00:06:38', 'YYYY-MM-DD HH24:MI:SS'), 'Vaccination de routine', 'Enfant en bonne sante', 'Croissance normale. Poids et taille dans les normes.', 'Vaccin ROR administre', NULL, 150);
INSERT INTO CONSULTATION (ID_CONSULTATION, ID_RDV, DATE_CONSULTATION, SYMPTOMES, DIAGNOSTIC, OBSERVATIONS, PRESCRIPTION, EXAMENS_DEMANDES, TARIF_CONSULTATION) VALUES (9, 14, TO_DATE('2025-12-31 00:00:00', 'YYYY-MM-DD HH24:MI:SS'), 'yivcutucv', 'ucgcghhv', 'cgxffx', 'cgycgcg', 'cytxrrt', 450);
INSERT INTO CONSULTATION (ID_CONSULTATION, ID_RDV, DATE_CONSULTATION, SYMPTOMES, DIAGNOSTIC, OBSERVATIONS, PRESCRIPTION, EXAMENS_DEMANDES, TARIF_CONSULTATION) VALUES (10, 15, TO_DATE('2026-01-22 00:00:00', 'YYYY-MM-DD HH24:MI:SS'), 'vyuffyuuyf', 'ufyuyfufy', 'futddtyuyf', 'vyucuyuyvuyf', 'ufvyyuyy', 200);
INSERT INTO CONSULTATION (ID_CONSULTATION, ID_RDV, DATE_CONSULTATION, SYMPTOMES, DIAGNOSTIC, OBSERVATIONS, PRESCRIPTION, EXAMENS_DEMANDES, TARIF_CONSULTATION) VALUES (11, 16, TO_DATE('2026-01-14 00:00:00', 'YYYY-MM-DD HH24:MI:SS'), 'vihiuv', 'hcgcgjchvujyh', 'bjkjvhjhvk', 'vhjvjhjhc', 'jvhjhvcg', 100);
INSERT INTO CONSULTATION (ID_CONSULTATION, ID_RDV, DATE_CONSULTATION, SYMPTOMES, DIAGNOSTIC, OBSERVATIONS, PRESCRIPTION, EXAMENS_DEMANDES, TARIF_CONSULTATION) VALUES (12, 17, TO_DATE('2025-12-29 00:00:00', 'YYYY-MM-DD HH24:MI:SS'), 'ivugiuguvig', 'vcufyuyfyuhvbjkhv', 'vhiuuyfytd', 'xyttyuycghc', 'vuccutytc', 200);
INSERT INTO CONSULTATION (ID_CONSULTATION, ID_RDV, DATE_CONSULTATION, SYMPTOMES, DIAGNOSTIC, OBSERVATIONS, PRESCRIPTION, EXAMENS_DEMANDES, TARIF_CONSULTATION) VALUES (6, 3, TO_DATE('2025-12-26 00:00:00', 'YYYY-MM-DD HH24:MI:SS'), 'ugvuvyuiv', 'buiguyhvvjh', 'buiouioiu', 'ubuiubi', 'buibuibjui', 200);
INSERT INTO CONSULTATION (ID_CONSULTATION, ID_RDV, DATE_CONSULTATION, SYMPTOMES, DIAGNOSTIC, OBSERVATIONS, PRESCRIPTION, EXAMENS_DEMANDES, TARIF_CONSULTATION) VALUES (7, 12, TO_DATE('2025-12-26 00:00:00', 'YYYY-MM-DD HH24:MI:SS'), 'vgyvuyyu', 'vyguvvyuu', 'vyuyvy', 'hybvyuuy', 'vyuyyu', 600);
INSERT INTO CONSULTATION (ID_CONSULTATION, ID_RDV, DATE_CONSULTATION, SYMPTOMES, DIAGNOSTIC, OBSERVATIONS, PRESCRIPTION, EXAMENS_DEMANDES, TARIF_CONSULTATION) VALUES (8, 11, TO_DATE('2025-12-30 00:00:00', 'YYYY-MM-DD HH24:MI:SS'), 'yytff', 'fyuufyuyf', 'yvyy', 'ctyuuccyu', 'yhvivyvui', 500);
-- 9 ligne(s) exportée(s)


-- Note: Les factures sont generees automatiquement par le trigger TRG_AUTO_FACTURE
PROMPT Factures generees automatiquement par trigger
-- 1 ligne(s) exportée(s)

INSERT INTO FACTURE (ID_FACTURE, NUMERO_FACTURE, ID_PATIENT, ID_CONSULTATION, DATE_FACTURE, MONTANT_CONSULTATION, MONTANT_MEDICAMENTS, MONTANT_TOTAL, MONTANT_PAYE, STATUT_PAIEMENT, MODE_PAIEMENT, DATE_PAIEMENT) VALUES (1, 'FAC-2025-0001', 1, 1, TO_DATE('2025-12-23 00:06:38', 'YYYY-MM-DD HH24:MI:SS'), 250, 0, 250, 0, 'EN_ATTENTE', NULL, NULL);
INSERT INTO FACTURE (ID_FACTURE, NUMERO_FACTURE, ID_PATIENT, ID_CONSULTATION, DATE_FACTURE, MONTANT_CONSULTATION, MONTANT_MEDICAMENTS, MONTANT_TOTAL, MONTANT_PAYE, STATUT_PAIEMENT, MODE_PAIEMENT, DATE_PAIEMENT) VALUES (2, 'FAC-2025-0002', 2, 2, TO_DATE('2025-12-23 00:06:38', 'YYYY-MM-DD HH24:MI:SS'), 150, 0, 150, 150, 'PAYE', 'ESPECES', TO_DATE('2025-12-25 00:00:00', 'YYYY-MM-DD HH24:MI:SS'));
INSERT INTO FACTURE (ID_FACTURE, NUMERO_FACTURE, ID_PATIENT, ID_CONSULTATION, DATE_FACTURE, MONTANT_CONSULTATION, MONTANT_MEDICAMENTS, MONTANT_TOTAL, MONTANT_PAYE, STATUT_PAIEMENT, MODE_PAIEMENT, DATE_PAIEMENT) VALUES (6, 'FAC-2025-0006', 1, 9, TO_DATE('2025-12-29 17:56:08', 'YYYY-MM-DD HH24:MI:SS'), 450, 0, 450, 0, 'EN_ATTENTE', NULL, NULL);
INSERT INTO FACTURE (ID_FACTURE, NUMERO_FACTURE, ID_PATIENT, ID_CONSULTATION, DATE_FACTURE, MONTANT_CONSULTATION, MONTANT_MEDICAMENTS, MONTANT_TOTAL, MONTANT_PAYE, STATUT_PAIEMENT, MODE_PAIEMENT, DATE_PAIEMENT) VALUES (7, 'FAC-2025-0007', 1, 10, TO_DATE('2025-12-29 18:22:30', 'YYYY-MM-DD HH24:MI:SS'), 200, 0, 200, 0, 'EN_ATTENTE', NULL, NULL);
INSERT INTO FACTURE (ID_FACTURE, NUMERO_FACTURE, ID_PATIENT, ID_CONSULTATION, DATE_FACTURE, MONTANT_CONSULTATION, MONTANT_MEDICAMENTS, MONTANT_TOTAL, MONTANT_PAYE, STATUT_PAIEMENT, MODE_PAIEMENT, DATE_PAIEMENT) VALUES (8, 'FAC-2025-0008', 1, 11, TO_DATE('2025-12-29 18:33:13', 'YYYY-MM-DD HH24:MI:SS'), 100, 0, 100, 0, 'EN_ATTENTE', NULL, NULL);
INSERT INTO FACTURE (ID_FACTURE, NUMERO_FACTURE, ID_PATIENT, ID_CONSULTATION, DATE_FACTURE, MONTANT_CONSULTATION, MONTANT_MEDICAMENTS, MONTANT_TOTAL, MONTANT_PAYE, STATUT_PAIEMENT, MODE_PAIEMENT, DATE_PAIEMENT) VALUES (9, 'FAC-2025-0009', 1, 12, TO_DATE('2025-12-29 18:36:29', 'YYYY-MM-DD HH24:MI:SS'), 200, 0, 200, 200, 'PAYE', 'ESPECES', TO_DATE('2025-12-29 00:00:00', 'YYYY-MM-DD HH24:MI:SS'));
INSERT INTO FACTURE (ID_FACTURE, NUMERO_FACTURE, ID_PATIENT, ID_CONSULTATION, DATE_FACTURE, MONTANT_CONSULTATION, MONTANT_MEDICAMENTS, MONTANT_TOTAL, MONTANT_PAYE, STATUT_PAIEMENT, MODE_PAIEMENT, DATE_PAIEMENT) VALUES (3, 'FAC-2025-0003', 3, 6, TO_DATE('2025-12-26 18:58:16', 'YYYY-MM-DD HH24:MI:SS'), 200, 0, 200, 0, 'EN_ATTENTE', NULL, NULL);
INSERT INTO FACTURE (ID_FACTURE, NUMERO_FACTURE, ID_PATIENT, ID_CONSULTATION, DATE_FACTURE, MONTANT_CONSULTATION, MONTANT_MEDICAMENTS, MONTANT_TOTAL, MONTANT_PAYE, STATUT_PAIEMENT, MODE_PAIEMENT, DATE_PAIEMENT) VALUES (4, 'FAC-2025-0004', 10, 7, TO_DATE('2025-12-26 20:55:37', 'YYYY-MM-DD HH24:MI:SS'), 600, 0, 600, 0, 'EN_ATTENTE', NULL, NULL);
INSERT INTO FACTURE (ID_FACTURE, NUMERO_FACTURE, ID_PATIENT, ID_CONSULTATION, DATE_FACTURE, MONTANT_CONSULTATION, MONTANT_MEDICAMENTS, MONTANT_TOTAL, MONTANT_PAYE, STATUT_PAIEMENT, MODE_PAIEMENT, DATE_PAIEMENT) VALUES (5, 'FAC-2025-0005', 14, 8, TO_DATE('2025-12-29 16:46:24', 'YYYY-MM-DD HH24:MI:SS'), 500, 0, 500, 0, 'EN_ATTENTE', NULL, NULL);
-- 9 ligne(s) exportée(s)

-- ============================================
-- TRAITEMENTS
-- ============================================

-- Traitements pour Consultation 1 (Angine de poitrine)
INSERT INTO TRAITEMENT (id_traitement, id_consultation, id_medicament, posologie, duree_traitement, instructions, quantite)
VALUES (seq_traitement.NEXTVAL, 10, 5, '1 comprime par jour le matin', 90, 'A prendre a jeun', 90);

-- Traitements pour Consultation 3 (Eczema)
INSERT INTO TRAITEMENT (id_traitement, id_consultation, id_medicament, posologie, duree_traitement, instructions, quantite)
VALUES (seq_traitement.NEXTVAL, 11, 12, 'Appliquer 2 fois par jour', 21, 'Sur les zones affectees', 2);

INSERT INTO TRAITEMENT (id_traitement, id_consultation, id_medicament, posologie, duree_traitement, instructions, quantite)
VALUES (seq_traitement.NEXTVAL, 10, 8, '1 comprime le soir', 14, 'En cas de demangeaisons', 14);

-- Traitements pour Consultation 4 (Hypertension)
INSERT INTO TRAITEMENT (id_traitement, id_consultation, id_medicament, posologie, duree_traitement, instructions, quantite)
VALUES (seq_traitement.NEXTVAL, 11, 5, '1 comprime par jour', 30, 'Prendre le matin', 30);

-- Traitements pour Consultation 5 (Grossesse)
-- Les medicaments pour grossesse ne sont pas dans notre liste, on utilise des generiques
INSERT INTO TRAITEMENT (id_traitement, id_consultation, id_medicament, posologie, duree_traitement, instructions, quantite)
VALUES (seq_traitement.NEXTVAL, 10, 1, '1 comprime si douleur', 90, 'Maximum 3g par jour', 30);

COMMIT;
PROMPT 5 traitements prescrits

COMMIT;
